--EMPLOYEE
INSERT INTO EMPLOYEE (employeeID, firstName, lastName, gender, email, phoneNumber, salary, dateOfBirth, startShift, endShift)
VALUES (1, 'Ayşe', 'Kaya', 'Female', 'ayse.kaya@hotmail.com', '0501-567-8901', 32000, '1985-03-10', '08:00', '16:00');
INSERT INTO EMPLOYEE (employeeID, firstName, lastName,email, phoneNumber, salary, dateOfBirth, startShift, endShift)
VALUES (2, 'Zehra', 'Koç','zehra.koc@icloud.com', '0511-666-7778', 30000, '1993-08-20', '09:30', '17:30');
INSERT INTO EMPLOYEE (employeeID, firstName, lastName, gender, phoneNumber, salary, dateOfBirth, startShift, endShift)
VALUES (3, 'Sibel', 'Kurt', 'Female', '0513-334-5111', 30000, '1989-11-11', '09:00', '17:00');
INSERT INTO EMPLOYEE (employeeID, firstName, lastName, gender, email, phoneNumber, salary, dateOfBirth, startShift, endShift)
VALUES (4, 'Kemal', 'Kara', 'Male', 'kemal.kara@icloud.com', '0514-111-2233', 40000, '1992-03-22', '09:00', '17:00');
INSERT INTO EMPLOYEE (employeeID, firstName, lastName, gender, email, phoneNumber, salary, dateOfBirth, startShift, endShift)
VALUES (5, 'Murat', 'Güzel', 'Male', 'murat.guzel@icloud.com', '0514-112-3344', 31000, '1987-12-01', '10:00', '18:00');
INSERT INTO EMPLOYEE (employeeID, firstName, lastName, gender, email, phoneNumber, salary, dateOfBirth, startShift, endShift)
VALUES (6, 'Oya', 'Demir', 'Female', 'oya.demir@gmail.com', '0515-111-2233', 33000, '1988-01-05', '09:00', '17:00');
INSERT INTO EMPLOYEE (employeeID, firstName, lastName, gender, phoneNumber, salary, dateOfBirth, startShift, endShift)
VALUES (7, 'Cemre', 'Yılmaz', 'Female','0515-223-3344', 42000, '1990-06-06', '09:00', '17:00');
INSERT INTO EMPLOYEE (employeeID, firstName, lastName, gender, email, phoneNumber, salary, dateOfBirth, startShift, endShift)
VALUES (8, 'Zeynep', 'Okumuş', 'Female', 'zeynep.okumus73@gmail.com', '0516-334-4455', 50000, '1978-08-16', '09:00', '18:00');
INSERT INTO EMPLOYEE (employeeID, firstName, lastName, gender, email, phoneNumber, salary, dateOfBirth, startShift, endShift)
VALUES (9, 'Baran', 'Demirtaş', 'Male', 'baran.demirtas@yahoo.com', '0517-445-5566', 30000, '1991-08-25', '09:00', '17:00');
INSERT INTO EMPLOYEE (employeeID, firstName, lastName, gender, phoneNumber, salary, dateOfBirth, startShift, endShift)
VALUES (10, 'Leyla', 'Ekinci', 'Female', '0517-556-6677', 33000, '1992-09-15', '09:00', '17:00');
INSERT INTO EMPLOYEE (employeeID, firstName, lastName, gender, email, phoneNumber, salary, dateOfBirth, startShift, endShift)
VALUES (11, 'Fatma', 'Şahin', 'Female', 'fatma.sahin@gmail.com', '0502-876-5432', 21000, '1992-07-08', '07:00', '15:00');
INSERT INTO EMPLOYEE (employeeID, firstName, lastName, gender, email, phoneNumber, salary, dateOfBirth, startShift, endShift)
VALUES (12, 'Serkan', 'Arslan', 'Male', 'serkan.arslan@hotmail.com', '0511-888-9990', 18000, '1994-07-19', '09:00', '17:00');
INSERT INTO EMPLOYEE (employeeID, firstName, lastName, gender, salary, dateOfBirth, startShift, endShift)
VALUES (13, 'Can', 'Çelik', 'Male', 17002, '1993-11-01', '09:00', '17:00');
INSERT INTO EMPLOYEE (employeeID, firstName, lastName, gender, email, phoneNumber, salary, dateOfBirth, startShift, endShift)
VALUES (14, 'Onur', 'Kaplan', 'Male', 'onur.kaplan@hotmail.com', '0512-776-8899', 23000, '1985-09-21', '10:00', '18:00');
INSERT INTO EMPLOYEE (employeeID, firstName, lastName, gender, email, phoneNumber, salary, dateOfBirth, startShift, endShift)
VALUES (15, 'Hande', 'Efe', 'Female', 'hande.efe@icloud.com', '0512-889-9000', 22000, '1986-02-14', '08:00', '16:00');
INSERT INTO EMPLOYEE (employeeID, firstName, lastName, gender, email, phoneNumber, salary, dateOfBirth, startShift, endShift)
VALUES (16, 'Fatih', 'Öztürk', 'Male', 'fatih.ozturk@icloud.com', '0521-334-4455', 24000, '1988-03-22', '09:00', '17:00');
INSERT INTO EMPLOYEE (employeeID, firstName, lastName, gender, email, phoneNumber, salary, dateOfBirth, startShift, endShift)
VALUES (17, 'Tolga', 'Yaralı', 'Male', 'tolga.yarali@yahoo.com', '0520-990-0011', 26000, '1991-12-01', '09:00', '17:00');
INSERT INTO EMPLOYEE (employeeID, firstName, lastName, gender, phoneNumber, salary, dateOfBirth, startShift, endShift)
VALUES (18, 'Gökhan', 'Tuncer', 'Male','0520-101-1122', 25000, '1992-04-04', '09:00', '17:00');
INSERT INTO EMPLOYEE (employeeID, firstName, lastName, gender, email, phoneNumber, salary, dateOfBirth, startShift, endShift)
VALUES (19, 'Pelin', 'Şahin', 'Female', 'pelin.sahin@icloud.com', '0521-112-2233', 27000, '1993-01-17', '09:00', '17:00');
INSERT INTO EMPLOYEE (employeeID, firstName, lastName, gender, email, phoneNumber, salary, dateOfBirth, startShift, endShift)
VALUES (20, 'Serap', 'Cengiz', 'Female', 'serap.cengiz@icloud.com', '0521-223-3344', 28000, '1989-08-29', '09:00', '17:00');
INSERT INTO EMPLOYEE (employeeID, firstName, lastName, gender, email, phoneNumber, salary, dateOfBirth, startShift, endShift)
VALUES (21, 'Ali', 'Yılmaz', 'Male', 'ali.yilmaz@gmail.com', '0501-123-4567', 18000, '1990-05-15', '09:00', '17:00');
INSERT INTO EMPLOYEE (employeeID, firstName, lastName, gender, email, phoneNumber, salary, dateOfBirth, startShift, endShift)
VALUES (22, 'Ahmet', 'Demir', 'Male', 'ahmet.demir@gmail.com', '0502-987-6543', 19000, '1988-01-22', '10:00', '18:00');
INSERT INTO EMPLOYEE (employeeID, firstName, lastName, gender, email, phoneNumber, salary, dateOfBirth, startShift, endShift)
VALUES (23, 'Emine', 'Yıldız', 'Female', 'emine.yildiz@yahoo.com', '0504-222-3344', 25000, '1987-06-19', '09:00', '17:00');
INSERT INTO EMPLOYEE (employeeID, firstName, lastName, gender, email, phoneNumber, salary, dateOfBirth, startShift, endShift)
VALUES (24, 'Burak', 'Eren', 'Male', 'burak.eren@gmail.com', '0504-666-7788', 19500, '1991-04-14', '10:00', '18:00');
INSERT INTO EMPLOYEE (employeeID, firstName, lastName, gender, email, phoneNumber, salary, dateOfBirth, startShift, endShift)
VALUES (25, 'Zeynep', 'Kar', 'Female', 'zeynep.kar@hotmail.com', '0505-777-8899', 23000, '1989-02-28', '09:30', '17:30');
INSERT INTO EMPLOYEE (employeeID, firstName, lastName, gender, email, phoneNumber, salary, dateOfBirth, startShift, endShift)
VALUES (26, 'Selin', 'Ak', 'Female', 'selin.ak@yahoo.com', '0505-888-9900', 17500, '1994-03-05', '10:00', '18:00');
INSERT INTO EMPLOYEE (employeeID, firstName, lastName,email, phoneNumber, salary, dateOfBirth, startShift, endShift)
VALUES (27, 'Hakan', 'Kurt', 'hakan.kurt@gmail.com', '0506-111-2233', 24000, '1986-08-22', '08:00', '16:00');
INSERT INTO EMPLOYEE (employeeID, firstName, lastName, gender, phoneNumber, salary, dateOfBirth, startShift, endShift)
VALUES (28, 'Melis', 'Turan', 'Female', '0506-999-0011', 20000, '1990-11-11', '09:00', '17:00');
INSERT INTO EMPLOYEE (employeeID, firstName, lastName, gender, email, phoneNumber, salary, startShift, endShift)
VALUES (29, 'Cem', 'Efe', 'Male', 'cem.efe@yahoo.com', '0507-333-4455', 18000, '09:30', '17:30');
INSERT INTO EMPLOYEE (employeeID, firstName, lastName, gender, email, salary, dateOfBirth, startShift, endShift)
VALUES (30, 'Buse', 'Kaplan', 'Female', 'buse.kaplan@gmail.com', 19500, '1993-06-06', '10:00', '18:00');
INSERT INTO EMPLOYEE (employeeID, firstName, lastName, gender, email, phoneNumber, salary, dateOfBirth, startShift, endShift)
VALUES (31, 'Mert', 'Aslan', 'Male', 'mert.aslan@hotmail.com', '0508-112-2233', 22000, '1988-02-02', '08:30', '16:30');
INSERT INTO EMPLOYEE (employeeID, firstName, lastName, gender, email, phoneNumber, salary, dateOfBirth, startShift, endShift)
VALUES (32, 'Gizem', 'Çetin', 'Female', 'gizem.cetin@yahoo.com', '0508-221-3344', 21000, '1987-01-01', '09:00', '17:00');
INSERT INTO EMPLOYEE (employeeID, firstName, lastName, gender, email, phoneNumber, salary, dateOfBirth, startShift, endShift)
VALUES (33, 'Elif', 'Öztürk', 'Female', 'elif.ozturk@gmail.com', '0509-334-4556', 19000, '1991-04-14', '09:00', '17:00');
INSERT INTO EMPLOYEE (employeeID, firstName, lastName, gender, email, phoneNumber, salary, dateOfBirth, startShift, endShift)
VALUES (34, 'Furkan', 'Yılmaz', 'Male', 'furkan.yilmaz@hotmail.com', '0509-556-6677', 17002, '1995-09-12', '08:00', '16:00');
INSERT INTO EMPLOYEE (employeeID, firstName, lastName, gender, phoneNumber, salary, dateOfBirth, startShift, endShift)
VALUES (35, 'Ece', 'Demir', 'Female', '0510-778-8899', 25000, '1989-10-10', '10:00', '18:00');
INSERT INTO EMPLOYEE (employeeID, firstName, lastName, gender, email, phoneNumber, salary, dateOfBirth, startShift, endShift)
VALUES (36, 'Berk', 'Çelik', 'Male', 'berk.celik@gmail.com', '0510-990-0011', 20000, '1992-05-15', '08:30', '16:30');
INSERT INTO EMPLOYEE (employeeID, firstName, lastName, gender, email, phoneNumber, salary, dateOfBirth, startShift, endShift)
VALUES (37, 'Serkan', 'Arslan', 'Male', 'serkan.arslan@hotmail.com', '0534-444-5566', 18000, '1994-07-19', '09:00', '17:00');
INSERT INTO EMPLOYEE (employeeID, firstName, lastName, gender, email, phoneNumber, salary, dateOfBirth, startShift, endShift)
VALUES (38, 'Tolga', 'Yaralı', 'Male', 'tolga.yarali@gmail.com', '0534-777-8899', 26000, '1990-12-01', '09:00', '17:00');
INSERT INTO EMPLOYEE (employeeID, firstName, lastName, gender, email, phoneNumber, salary, dateOfBirth, startShift, endShift)
VALUES (39, 'Pelin', 'Şahin', 'Female', 'pelin.sahin@icloud.com', '0534-999-0011', 27000, '1993-01-17', '09:00', '17:00');
INSERT INTO EMPLOYEE (employeeID, firstName, lastName, gender, email, phoneNumber, salary, dateOfBirth, startShift, endShift)
VALUES (40, 'Serap', 'Cengiz', 'Female', 'serap.cengiz@std.akdeniz.edu.tr', '0534-112-2233', 28000, '1989-08-29', '09:00', '17:00');



--MANAGER
INSERT INTO MANAGER (employeeID, roomNo, graduatingSchool, graduatingDepartment)
VALUES 
(1, 'A101', 'Middle East Technical University (METU)', 'Furniture and Decoration'), 
(2, 'B202', 'Akdeniz University ', 'Industrial Design'), 
(3, 'C303', 'Istanbul Technical University (ITU)', 'Machine'), 
(4, 'D404', 'Hacettepe University', 'Air Conditioning - Cooling'), 
(5, 'E505', 'Boğaziçi University', 'Construction Technology'), 
(6, 'F606', 'Ankara University', 'Chemical'), 
(7, 'G707', 'Middle East Technical University (METU)', 'Electric'), 
(8, 'H808', 'Ege University', 'Landscape and Ornamental Plants Cultivation'), 
(9, 'I909', 'Selçuk University', 'Knifemaking and Hand Tools Technology'), 
(10, 'J010', 'Marmara University', 'Interior Design'); 



--SECURITY
INSERT INTO SECURITY (employeeID, securityLocation, securityAccessLevel, securitAccessToCCTV)
VALUES 
(11, 'Entrance', 'Normal', 'No'), 
(12, 'Parking Lot', 'Normal', 'No'), 
(13, 'Warehouse', 'High', 'Yes'), 
(14, 'Main Hall', 'High', 'Yes'), 
(15, 'Exit', 'Normal', 'No'), 
(16, 'Entrance', 'High', 'Yes'), 
(17, 'Parking Lot', 'Normal', 'No'), 
(18, 'Warehouse', 'High', 'Yes'), 
(19, 'Main Hall', 'Normal', 'No'), 
(20, 'Exit', 'Normal', 'No'); 



--DEPARTMENT
INSERT INTO DEPARTMENT (departmentNumber, departmentName, managerID)
VALUES 
(101, 'Furniture and Carpentry', 1), -- Mobilya ve Ahşap İşleri
(102, 'Bathroom and Ceramics', 4), -- Banyo ve Seramik
(103, 'Heating and Cooling', 4), -- Isıtma ve Soğutma
(104, 'Kitchen and Home Appliances', 2), -- Mutfak ve Ev Gereçleri
(105, 'Home Appliances', 3), -- Beyaz Eşya
(106, 'Construction and Materials', 5), -- İnşaat ve Malzemeleri
(107, 'Paint', 6), -- Boya
(108, 'Lighting and Electrical', 7), -- Aydınlatma ve Elektrik
(109, 'Electronics', 7), -- Elektronik
(110, 'Landscaping and Gardening', 8), -- Peyzaj ve Bahçe İşleri
(111, 'Hardware and Hand Tools', 9), -- Hırdavat ve El Aletleri
(112, 'Outdoor Equipment', 8), -- Outdoor Malzemeleri
(113, 'Decoration', 10); -- Dekorasyon



--WORKER
INSERT INTO WORKER (employeeID, branch, performanceRating, workType, standInDepartmentNumber)
VALUES (21, 'Wooden Furniture', 8.5, 'Permanent', 101);
INSERT INTO WORKER (employeeID, branch, performanceRating, workType, standInDepartmentNumber, supervisorEmployeeID)
VALUES (22, 'Modern Furniture', 7.0, 'Temporary', 101, 21);
INSERT INTO WORKER (employeeID, branch, performanceRating, workType, standInDepartmentNumber)
VALUES (23, 'Shower Enclosures', 9.0, 'Permanent', 102);
INSERT INTO WORKER (employeeID, branch, performanceRating, workType, standInDepartmentNumber)
VALUES (24, 'Air Conditioning', 8.5, 'Temporary', 103);
INSERT INTO WORKER (employeeID, branch, performanceRating, workType, standInDepartmentNumber, supervisorEmployeeID)
VALUES (25, 'Water Heaters', 7.8, 'Permanent', 103, 24);
INSERT INTO WORKER (employeeID, branch, performanceRating, workType, standInDepartmentNumber)
VALUES (26, 'Kitchen Robots', 9.2, 'Permanent', 104);
INSERT INTO WORKER (employeeID, branch, performanceRating, workType, standInDepartmentNumber)
VALUES (27, 'Refrigerators', 8.7, 'Permanent', 105);
INSERT INTO WORKER (employeeID, branch, performanceRating, workType, standInDepartmentNumber)
VALUES (28, 'Steel Reinforcement', 8.0, 'Permanent', 106);
INSERT INTO WORKER (employeeID, branch, performanceRating, workType, standInDepartmentNumber, supervisorEmployeeID)
VALUES (29, 'Concrete Blocks', 8.4, 'Intern', 106, 28);
INSERT INTO WORKER (employeeID, branch, performanceRating, workType, standInDepartmentNumber)
VALUES (30, 'Interior Paints', 8.3, 'Permanent', 107);
INSERT INTO WORKER (employeeID, branch, performanceRating, workType, standInDepartmentNumber)
VALUES (31, 'Chandeliers', 9.0, 'Permanent', 108);
INSERT INTO WORKER (employeeID, branch, performanceRating, workType, standInDepartmentNumber)
VALUES (32, 'Televisions', 8.7, 'Permanent', 109);
INSERT INTO WORKER (employeeID, branch, performanceRating, workType, standInDepartmentNumber, supervisorEmployeeID)
VALUES (33, 'Computers', 9.2, 'Temporary', 109, 32);
INSERT INTO WORKER (employeeID, branch, performanceRating, workType, standInDepartmentNumber)
VALUES (34, 'Lawn Mowers', 9.1, 'Permanent', 110);
INSERT INTO WORKER (employeeID, branch, performanceRating, workType, standInDepartmentNumber, supervisorEmployeeID)
VALUES (35, 'Pots and Planters', 8.8, 'Temporary', 110, 34);
INSERT INTO WORKER (employeeID, branch, performanceRating, workType, standInDepartmentNumber)
VALUES (36, 'Power Tools', 8.5, 'Permanent', 111);
INSERT INTO WORKER (employeeID, branch, performanceRating, workType, standInDepartmentNumber)
VALUES (37, 'Camping Gear', 8.7, 'Permanent', 112);
INSERT INTO WORKER (employeeID, branch, performanceRating, workType, standInDepartmentNumber)
VALUES (38, 'Wall Art', 9.0, 'Permanent', 113);
INSERT INTO WORKER (employeeID, branch, performanceRating, workType, standInDepartmentNumber, supervisorEmployeeID)
VALUES (39, 'Vases and Sculptures', 8.8, 'Temporary', 113, 38);
INSERT INTO WORKER (employeeID, branch, performanceRating, workType, standInDepartmentNumber, supervisorEmployeeID)
VALUES (40, 'Lighting Decor', 8.9, 'Intern', 113, 38);



-- Customer 
INSERT INTO CUSTOMER (customerID, firstName, lastName, gender, phoneNumber, addressOfCustomer)
VALUES (1, 'Emma', 'Miller', 'Female', '0232-123-4567', 'Antalya, Muratpaşa, Güllük Caddesi 101');
INSERT INTO CUSTOMER (customerID, firstName, lastName, gender, phoneNumber, addressOfCustomer)
VALUES (2, 'Kemal', 'Karakaya', 'Male', '0332-234-5678', 'Antalya, Kepez, 600. Sokak 45');
INSERT INTO CUSTOMER (customerID, firstName, lastName, gender, phoneNumber, addressOfCustomer)
VALUES (3, 'Sophia', 'Johnson', 'Female', '0432-345-6789', 'Antalya, Lara, Mavişehir Mahallesi 3');
INSERT INTO CUSTOMER (customerID, firstName, lastName, gender, phoneNumber, addressOfCustomer)
VALUES (4, 'Okan', 'Yıldırım', 'Male', '0632-456-7890', 'Antalya, Konyaaltı, Liman Caddesi 87');
INSERT INTO CUSTOMER (customerID, firstName, lastName, gender, phoneNumber, addressOfCustomer)
VALUES (5, 'Maya', 'Hernandez', 'Female', '0732-567-8901', 'Antalya, Aksu, Yenikent Mahallesi 12');
INSERT INTO CUSTOMER (customerID, firstName, lastName, gender, phoneNumber, addressOfCustomer)
VALUES (6, 'Emre', 'Tekin', 'Male', '0832-678-9012', 'Antalya, Muratpaşa, Güllük Caddesi 15');
INSERT INTO CUSTOMER (customerID, firstName, lastName, gender, phoneNumber, addressOfCustomer)
VALUES (7, 'Serena', 'Martinez', 'Female', '0932-789-0123', 'Antalya, Döşemealtı, Yurt Mahallesi 23');
INSERT INTO CUSTOMER (customerID, firstName, lastName, gender, phoneNumber, addressOfCustomer)
VALUES (8, 'Baran', 'Aydemir', 'Male', '0531-890-1234', 'Antalya, Konyaaltı, Okan Caddesi 5');
INSERT INTO CUSTOMER (customerID, firstName, lastName, gender, phoneNumber, addressOfCustomer)
VALUES (9, 'Selin', 'Kaya', 'Female', '0533-901-2345', 'Antalya, Manavgat, Atatürk Caddesi 9');
INSERT INTO CUSTOMER (customerID, firstName, lastName, gender, phoneNumber, addressOfCustomer)
VALUES (10, 'Lucas', 'Anderson', 'Male', '0534-012-3456', 'Antalya, Kepez, Karacaoğlan Mahallesi 14');
INSERT INTO CUSTOMER (customerID, firstName, lastName, gender, phoneNumber, addressOfCustomer)
VALUES (11, 'Seda', 'Özdemir', 'Female', '0536-123-4567', 'Antalya, Kemer, Liman Caddesi 23');
INSERT INTO CUSTOMER (customerID, firstName, lastName, gender, phoneNumber, addressOfCustomer)
VALUES (12, 'Nina', 'Taylor', 'Female', '0538-234-5678', 'Antalya, Alanya, Damlataş Mahallesi 4');
INSERT INTO CUSTOMER (customerID, firstName, lastName, gender, phoneNumber, addressOfCustomer)
VALUES (13, 'Cem', 'Sarı', 'Male', '0539-345-6789', 'Antalya, Elmalı, Kayalık Mahallesi 11');
INSERT INTO CUSTOMER (customerID, firstName, lastName, gender, phoneNumber, addressOfCustomer)
VALUES (14, 'Isabella', 'Lopez', 'Female', '0542-456-7890', 'Antalya, Finike, Cumhuriyet Caddesi 2');
INSERT INTO CUSTOMER (customerID, firstName, lastName, gender, phoneNumber)
VALUES (15, 'Furkan', 'Okumuş', 'Male', '0531-246-0703');



--FEEDBACK
INSERT INTO FEEDBACK (feedBackID, feedBackSubject, feedBackDate, rating, customerID, resevingManagerID)
VALUES ('FB001', 'Staff was polite, but the entrance queue was too long.', '2024-11-20', 2.8, 1, 1);
INSERT INTO FEEDBACK (feedBackID, feedBackSubject, feedBackDate, rating, customerID, resevingManagerID)
VALUES ('FB002', 'Bathroom department lacked the necessary products I was looking for.', '2024-11-21', 2.5, 2, 2);
INSERT INTO FEEDBACK (feedBackID, feedBackSubject, feedBackDate, rating, customerID, resevingManagerID)
VALUES ('FB003', 'Cooling systems are overpriced compared to other stores.', '2024-11-22', 3.0, 3, 4);
INSERT INTO FEEDBACK (feedBackID, feedBackSubject, feedBackDate, rating, customerID, resevingManagerID)
VALUES ('FB004', 'Furniture selection was good, but staff were unavailable to assist.', '2024-11-23', 3.2, 4, 3);
INSERT INTO FEEDBACK (feedBackID, feedBackSubject, feedBackDate, rating, customerID, resevingManagerID)
VALUES ('FB005', 'Construction materials section was messy and disorganized.', '2024-11-24', 2.0, 5, 5);
INSERT INTO FEEDBACK (feedBackID, feedBackSubject, feedBackDate, rating, customerID, resevingManagerID)
VALUES ('FB006', 'Security team was slow to respond to a minor incident.', '2024-11-25', 2.9, 6, 6);
INSERT INTO FEEDBACK (feedBackID, feedBackSubject, feedBackDate, rating, customerID, resevingManagerID)
VALUES ('FB007', 'Decorative products were limited and overpriced.', '2024-11-26', 3.1, 7, 10);
INSERT INTO FEEDBACK (feedBackID, feedBackSubject, feedBackDate, rating, customerID, resevingManagerID)
VALUES ('FB008', 'Gardening staff were helpful, but there was a long wait for assistance.', '2024-11-26', 3.4, 8, 8);
INSERT INTO FEEDBACK (feedBackID, feedBackSubject, feedBackDate, customerID, resevingManagerID)
VALUES ('FB009', 'Electronic appliances section had many out-of-stock items.', '2024-11-27',9, 7);
INSERT INTO FEEDBACK (feedBackID, feedBackSubject, feedBackDate, rating, customerID, resevingManagerID)
VALUES ('FB010', 'Product delivery was late, and the packaging was damaged.', '2024-11-27', 2.5, 10, 9);



-- WAREHOUSE 
INSERT INTO WAREHOUSE (stockCode, blockLetter, floorNumber)
VALUES
(1001, 'A', 1),
(1002, 'B', 1),
(1003, 'C', 1),
(1004, 'D', 1),
(1005, 'E', 1),
(1006, 'F', 1),
(1007, 'G', 1),
(1008, 'H', 1),
(1009, 'I', 1),
(1010, 'J', 1),
(1011, 'K', 1),
(1012, 'L', 1),
(1013, 'M', 1),
(1014, 'A', 2),
(1015, 'B', 2);



-- SUPPLIER
INSERT INTO SUPPLIER (supplierID, firstName, lastName, phoneNumber, supplierCompanyName)
VALUES
(1, 'Özge', 'Berk', '0159-567-8901', 'Istikbal'), 
(2, 'Ali', 'Şimşek', '0158-456-7890', 'Bellona'), 
(3, 'Melis', 'Erdoğan', '0146-234-5678', 'VitrA '), 
(4, 'Cem', 'Kılıç', '0147-345-6789', 'Baymak'), 
(5, 'Zeynep', 'Yıldırım', '0148-456-7890', 'Tefal'),
(6, 'Emre', 'Alp', '0149-567-8901', 'Beko'), 
(7, 'Ayşegül', 'Taş', '0150-678-9012', 'ÇimSA'), 
(8, 'Barış', 'Doğan', '0145-123-4567', 'Filli Boya'), 
(9, 'Furkan', 'Akyüz', '0151-789-0123', 'Polisan Boya'), 
(10, 'Murat', 'Ceylan', '0152-890-1234', 'Viko'), 
(11, 'Pelin', 'Ertürk', '0153-901-2345', 'Arçelik'), 
(12, 'Mehmet', 'Çetin', '0154-012-3456', 'Bosch'), 
(13, 'Büşra', 'Yıldız', '0155-123-4567', 'Makita'), 
(14, 'Kemal', 'Özkan', '0156-234-5678', 'Kingcamp'), 
(15, 'Asuman', 'Güven', '0157-345-6789', 'TAÇ'); 



--PRODUCT
INSERT INTO [PRODUCT] (barcode, productName, price, warrantyPeriod, supplierID, productStockCode, purchasedCustomerID, presentingDepartmentNumber)
VALUES ('P001', 'Istikbal Life Dream Gri Yatak', 24990, '10 years', 1, 1001, 1, 101);
INSERT INTO [PRODUCT] (barcode, productName, price, warrantyPeriod, supplierID, productStockCode, purchasedCustomerID, presentingDepartmentNumber)
VALUES ('P002', 'Bellona Mavenna Koltuk Takımı', 49739, '5 years', 2, 1001, 2, 101);
INSERT INTO [PRODUCT] (barcode, productName, price, warrantyPeriod, supplierID, productStockCode, purchasedCustomerID, presentingDepartmentNumber)
VALUES ('P003', 'Vitra Mia 60 Cm Beyaz Banyo Dolabı Takımı', 6746, '5 years', 3, 1002, 3, 102);
INSERT INTO [PRODUCT] (barcode, productName, price, warrantyPeriod, supplierID, productStockCode, purchasedCustomerID, presentingDepartmentNumber)
VALUES ('P004', 'Vitra Frame 5696b403-0041 Armatür Bantlı Tezgah Üstü Tv Lavabo', 6561, '5 years', 3, 1002, 4, 102);
INSERT INTO [PRODUCT] (barcode, productName, price, warrantyPeriod, supplierID, productStockCode, purchasedCustomerID, presentingDepartmentNumber)
VALUES ('P005', 'Baymak Elegant Plus Uv 12000 Btu A++ İnverter Klima', 27000, '5 years', 4, 1003, 5, 103);
INSERT INTO [PRODUCT] (barcode, productName, price, warrantyPeriod, supplierID, productStockCode, purchasedCustomerID, presentingDepartmentNumber)
VALUES ('P006', 'Baymak Aqua Konfor 50 Lt Termosifon', 6399, '2 years', 4, 1003, 5, 103);
INSERT INTO [PRODUCT] (barcode, productName, price, warrantyPeriod, supplierID, productStockCode, purchasedCustomerID, presentingDepartmentNumber)
VALUES ('P007', 'Tefal Virtuoso 3 Parça Tencere Seti', 4299, '2 years', 5, 1004, 6, 104);
INSERT INTO [PRODUCT] (barcode, productName, price, warrantyPeriod, supplierID, productStockCode, presentingDepartmentNumber)
VALUES ('P008', 'Beko 683615 EI No Frost Buzdolabı', 54839, '3 years', 6, 1005, 105);
INSERT INTO [PRODUCT] (barcode, productName, price, warrantyPeriod, supplierID, productStockCode, purchasedCustomerID, presentingDepartmentNumber)
VALUES ('P009', 'Beko B55 Q 990 Google QLED TV', 33870, '3 years', 6, 1006, 7, 109);
INSERT INTO [PRODUCT] (barcode, productName, price, supplierID, productStockCode, presentingDepartmentNumber)
VALUES ('P010', 'Çimsa Süper Beyaz Çimento 25 Kg', 329, 7, 1006, 106);
INSERT INTO [PRODUCT] (barcode, productName, price, warrantyPeriod, supplierID, productStockCode, presentingDepartmentNumber)
VALUES ('P011', 'Filli Boya Momento Silan', 555, '5 years', 8, 1007, 107);
INSERT INTO [PRODUCT] (barcode, productName, price, warrantyPeriod, supplierID, productStockCode, purchasedCustomerID, presentingDepartmentNumber)
VALUES ('P012', 'Polisan Natura A1 Silikonlu Mix A Baz 7,5 Lt Dış Cephe', 3828, '5 years', 9, 1007, 8, 107);
INSERT INTO [PRODUCT] (barcode, productName, price, warrantyPeriod, supplierID, productStockCode, purchasedCustomerID, presentingDepartmentNumber)
VALUES ('P013', 'Viko Şok Korumalı Anahtarlı Altılı Grup Priz', 420, '3 years', 10, 1008, 9, 108);
INSERT INTO [PRODUCT] (barcode, productName, price, warrantyPeriod, supplierID, productStockCode, presentingDepartmentNumber)
VALUES ('P014', 'Arçelik D 895 4K Smart LED Tv', 23000, '3 years', 11, 1009, 109);
INSERT INTO [PRODUCT] (barcode, productName, price, warrantyPeriod, supplierID, productStockCode, presentingDepartmentNumber)
VALUES ('P015', 'Arçelik TKM 9961 Telve Türk Kahve Makinesi', 7250, '2 years', 11, 1009, 109);
INSERT INTO [PRODUCT] (barcode, productName, price, warrantyPeriod, supplierID, productStockCode, purchasedCustomerID, presentingDepartmentNumber)
VALUES ('P016', 'Bosch ARM32 Çim Biçme Makinesi', 4635, '2 years', 12, 1010, 2, 110);
INSERT INTO [PRODUCT] (barcode, productName, price, warrantyPeriod, supplierID, productStockCode, purchasedCustomerID, presentingDepartmentNumber)
VALUES ('P017', 'Bosch GBH 180-Li Çift Akülü Kırıcı Delici', 12590, '2 years', 12, 1011, 10, 111);
INSERT INTO [PRODUCT] (barcode, productName, price, warrantyPeriod, supplierID, productStockCode, purchasedCustomerID, presentingDepartmentNumber)
VALUES ('P018', 'Makita DLX6068PT Akülü Set', 57518.78, '2 years', 13, 1011, 11, 111);
INSERT INTO [PRODUCT] (barcode, productName, price, warrantyPeriod, supplierID, productStockCode, purchasedCustomerID, presentingDepartmentNumber)
VALUES ('P019', 'Kingcamp Florance Fantasy 2+1 KISILIK CADIR', 14999, '1 years', 14, 1012, 12, 112);
INSERT INTO [PRODUCT] (barcode, productName, price, warrantyPeriod, supplierID, productStockCode, purchasedCustomerID, presentingDepartmentNumber)
VALUES ('P020', 'Taç Gold Guraniç İşlemeli Tül Perde', 115, '2 years', 15, 1013, 13, 113);



--[SHIPPING SERVICE]
INSERT INTO [SHIPPING SERVICE] (shippingCode, shippingDate, shippingPrice, shippingAdress, customerID)
VALUES
(1, '2024-11-28', 500, 'Antalya, Muratpaşa, Güllük Caddesi 101', 1),
(2, '2024-11-29', 1000, 'Antalya, Kepez, 600. Sokak 45', 2),
(3, '2024-11-30', 4000, 'Antalya, Lara, Mavişehir Mahallesi 3', 3),
(4, '2024-12-01', 550, 'Antalya, Konyaaltı, Liman Caddesi 87', 4),
(5, '2024-12-02', 600, 'Antalya, Aksu, Yenikent Mahallesi 12', 5),
(6, '2024-12-03', 450, 'Antalya, Aksu, Yenikent Mahallesi 12', 5),
(7, '2024-12-04', 500, 'Antalya, Döşemealtı, Yurt Mahallesi 23', 6),
(8, '2024-12-05', 40, 'Antalya, Konyaaltı, Okan Caddesi 5', 7),
(9, '2024-12-06', 45, 'Antalya, Manavgat, Atatürk Caddesi 9', 8),
(10, '2024-12-07', 35, 'Antalya, Kepez, Karacaoğlan Mahallesi 14', 9);


--SHIPPING 
INSERT INTO SHIPPING (shippingCode, barcode)
VALUES
(1, 'P001'),
(2, 'P002'),
(3, 'P003'),
(4, 'P004'),
(5, 'P005'),
(6, 'P006'),
(7, 'P007'),
(8, 'P009'),
(9, 'P012'),
(10, 'P013');
